# GAB dataset, version 1.0 of 08/11/2026.
#
# **About this data.** A machine reads public documents and proposes each claim. Each claim cites the documents that state it, and each claim carries a label that tells who decided it.
#
# - **Proposed — not checked:** a candidate. No rule and no person checked it. It is not evidence.
# - **Accepted by rule … — no person read it:** the claim passed a named rule on its cited sources. No person read it. Nobody has measured the accuracy of the rules yet.
# - **Accepted by an AI reviewer — no person read it:** an AI checked the claim. No person read it.
# - **Validated manually by the operator:** the operator read the sources and accepted the claim.
#
# A claim tells what its sources say. A source can be wrong. GAB gives no personal data about a person beyond what a cited source already publishes. Each row carries its label: when you copy a row, copy its label with it.
#
# Report an error: https://example.org/report-an-error. Right of reply: mailto:reply@example.org.
claim_id,claim_kind,subject_kind,subject_id,subject_label,attribute,value,relation_type,object_id,object_label,valid_from,valid_to,origin_label,licence,document_id,document_title,document_address,document_read_on,page,excerpt,modality,transcribed
0a1f0000-0000-4000-8000-000000000001/imo,attribute,entity,0a1f0000-0000-4000-8000-000000000001,Severnaya Volna,imo,9000001,,,,,,"Accepted by rule strong_sources v2 — no person read it, on 2026-10-02",CC-BY 4.0,eu_act,Council Implementing Regulation (EU) 2025/0000,https://eur-lex.europa.eu/eli/reg_impl/2025/0000/oj,2026-09-30,4,"SEVERNAYA VOLNA, IMO 9000001",asserts,false
0a1f0000-0000-4000-8000-000000000001/flag,attribute,entity,0a1f0000-0000-4000-8000-000000000001,Severnaya Volna,flag,Gabon,,,,,,Proposed — not checked,"derived fact; source under the provider licence, not redistributed",news,A tanker changes hands,https://news.example.org/tanker,2026-09-28,1,the tanker now sails under the flag of Gabon,asserts,false
0a1f0000-0000-4000-8000-000000000002/registration_country,attribute,entity,0a1f0000-0000-4000-8000-000000000002,Arctic Bridge Shipping,registration_country,United Arab Emirates,,,,,,"Validated manually by the operator, on 2026-10-04","derived fact; source under the provider licence, not redistributed",news,A tanker changes hands,https://news.example.org/tanker,2026-09-28,2,"Arctic Bridge Shipping, registered in Dubai",asserts,false
0a1f0000-0000-4000-8000-000000000011,relation,entity,0a1f0000-0000-4000-8000-000000000002,Arctic Bridge Shipping,,,owns,0a1f0000-0000-4000-8000-000000000001,Severnaya Volna,2024-03-01,,"Validated manually by the operator, on 2026-10-04","derived fact; source under the provider licence, not redistributed",news,A tanker changes hands,https://news.example.org/tanker,2026-09-28,2,Arctic Bridge Shipping bought the tanker in March 2024,asserts,false
0a1f0000-0000-4000-8000-000000000012,relation,entity,0a1f0000-0000-4000-8000-000000000001,Severnaya Volna,,,designated_by,0a1f0000-0000-4000-8000-000000000003,Council of the European Union,2025-05-20,,"Accepted by rule strong_sources v2 — no person read it, on 2026-10-02",CC-BY 4.0,eu_act,Council Implementing Regulation (EU) 2025/0000,https://eur-lex.europa.eu/eli/reg_impl/2025/0000/oj,2026-09-30,4,The vessels listed in Annex XLII: SEVERNAYA VOLNA,asserts,false
0a1f0000-0000-4000-8000-000000000013,relation,entity,0a1f0000-0000-4000-8000-000000000001,Severnaya Volna,,,loads_at,0a1f0000-0000-4000-8000-000000000004,Primorsk,,,Proposed — not checked,"derived fact; source under the provider licence, not redistributed",news,A tanker changes hands,https://news.example.org/tanker,2026-09-28,,,,
